Sequence, Sequence Full Name, Results, Starting, Hydrogenicity score
lcl|Query_10001, lcl|Query_10001" starting "MKFILLWALL, 241, MKFILLWALL, 0.191
lcl|Query_10002, lcl|Query_10002" starting "MGSLHCGVVH, 102, MGSLHCGVVH, -0.292
lcl|Query_10003, lcl|Query_10003" starting "MDTWLVCWAI, 116, MDTWLVCWAI, -0.163
lcl|Query_10004, lcl|Query_10004" starting "MGCRLLCCVV, 114, MGCRLLCCVV, -0.244
lcl|Query_10005, lcl|Query_10005" starting "MGCRLLCCAV, 114, MGCRLLCCAV, -0.166
lcl|Query_10006, lcl|Query_10006" starting "MGSRLLCWVL, 114, MGSRLLCWVL, -0.189
lcl|Query_10007, lcl|Query_10007" starting "MSIGLLCCVA, 115, MSIGLLCCVA, -0.214
lcl|Query_10008, lcl|Query_10008" starting "MGTRLLCWAA, 116, MGTRLLCWAA, -0.328
lcl|Query_10009, lcl|Query_10009" starting "MGCRLLCCAV, 114, MGCRLLCCAV, -0.216
lcl|Query_10010, lcl|Query_10010" starting "MSLGLLCCGA, 115, MSLGLLCCGA, -0.075
lcl|Query_10011, lcl|Query_10011" starting "MGCRLLCYVA, 113, MGCRLLCYVA, -0.355
lcl|Query_10012, lcl|Query_10012" starting "MGCRLLCCAV, 114, MGCRLLCCAV, -0.146
lcl|Query_10013, lcl|Query_10013" starting "MSLGLLCCGV, 115, MSLGLLCCGV, -0.054
lcl|Query_10014, lcl|Query_10014" starting "MGTRLLFWVA, 116, MGTRLLFWVA, -0.227
lcl|Query_10015, lcl|Query_10015" starting "PWRQGSARYQ, 91, PWRQGSARYQ, -0.245
lcl|Query_10016, lcl|Query_10016" starting "MGSGLLCWTL, 107, MGSGLLCWTL, -0.119
lcl|Query_10017, lcl|Query_10017" starting "MRIRLLCCVA, 115, MRIRLLCCVA, 0.017
lcl|Query_10018, lcl|Query_10018" starting "MGTRLLCWAA, 116, MGTRLLCWAA, -0.199
lcl|Query_10019, lcl|Query_10019" starting "MNPKLFCVTL, 106, MNPKLFCVTL, -0.027
lcl|Query_10020, lcl|Query_10020" starting "MGPGLLCWEL, 114, MGPGLLCWEL, -0.204
lcl|Query_10021, lcl|Query_10021" starting "MGFRLLCCVA, 114, MGFRLLCCVA, -0.018
lcl|Query_10022, lcl|Query_10022" starting "MGTRLFFYVA, 115, MGTRLFFYVA, -0.471
lcl|Query_10023, lcl|Query_10023" starting "MSTRLLCWMA, 116, MSTRLLCWMA, -0.058
lcl|Query_10024, lcl|Query_10024" starting "MGSWTLCVSL, 114, MGSWTLCVSL, 0.066
lcl|Query_10025, lcl|Query_10025" starting "MGTRLFFYVA, 115, MGTRLFFYVA, -0.279
lcl|Query_10026, lcl|Query_10026" starting "MGTRLLCWAA, 115, MGTRLLCWAA, -0.052
lcl|Query_10027, lcl|Query_10027" starting "MDSWTLCVSL, 114, MDSWTLCVSL, 0.073
lcl|Query_10028, lcl|Query_10028" starting "MSIGLLCCAA, 115, MSIGLLCCAA, -0.046
lcl|Query_10029, lcl|Query_10029" starting "MGTRLLCWVV, 116, MGTRLLCWVV, -0.457
lcl|Query_10030, lcl|Query_10030" starting "MGPGLLCWVL, 114, MGPGLLCWVL, -0.205
lcl|Query_10031, lcl|Query_10031" starting "MSISLLCCAA, 115, MSISLLCCAA, -0.057
lcl|Query_10032, lcl|Query_10032" starting "MGTRLLCWVV, 114, MGTRLLCWVV, -0.580
lcl|Query_10033, lcl|Query_10033" starting "MGPGLLCWVL, 114, MGPGLLCWVL, -0.093
lcl|Query_10034, lcl|Query_10034" starting "MSLGLLCCVA, 115, MSLGLLCCVA, -0.117
lcl|Query_10035, lcl|Query_10035" starting "MGTSLLCWVV, 116, MGTSLLCWVV, -0.447
lcl|Query_10036, lcl|Query_10036" starting "MGPGLLCWAL, 114, MGPGLLCWAL, -0.189
lcl|Query_10037, lcl|Query_10037" starting "MSLGLLCCAA, 114, MSLGLLCCAA, -0.032
lcl|Query_10038, lcl|Query_10038" starting "MGTSLLCWVV, 116, MGTSLLCWVV, -0.444
lcl|Query_10039, lcl|Query_10039" starting "MGPGLLCWVL, 114, MGPGLLCWVL, -0.175
lcl|Query_10040, lcl|Query_10040" starting "MSIGLLCCVA, 115, MSIGLLCCVA, -0.130
lcl|Query_10041, lcl|Query_10041" starting "MGTRLLCWVV, 116, MGTRLLCWVV, -0.246
lcl|Query_10042, lcl|Query_10042" starting "MGPRLLFWAL, 114, MGPRLLFWAL, -0.161
lcl|Query_10043, lcl|Query_10043" starting "MGTSLLCWMA, 116, MGTSLLCWMA, -0.530
lcl|Query_10044, lcl|Query_10044" starting "MLSPDLPDSA, 125, MLSPDLPDSA, -0.230
lcl|Query_10045, lcl|Query_10045" starting "MGTRLFFYVA, 115, MGTRLFFYVA, -0.457
lcl|Query_10046, lcl|Query_10046" starting "MGTRLLCWVA, 115, MGTRLLCWVA, -0.092
lcl|Query_10047, lcl|Query_10047" starting "MDSWTFCCVS, 116, MDSWTFCCVS, -0.132
lcl|Query_10048, lcl|Query_10048" starting "MDSWTLCCVS, 116, MDSWTLCCVS, -0.128
lcl|Query_10049, lcl|Query_10049" starting "MATRLLCCVV, 116, MATRLLCCVV, -0.063
lcl|Query_10050, lcl|Query_10050" starting "MVSRLLSLVS, 115, MVSRLLSLVS, -0.223
lcl|Query_10051, lcl|Query_10051" starting "MGPGLLHWMA, 114, MGPGLLHWMA, -0.429
lcl|Query_10052, lcl|Query_10052" starting "MSPIFTCITI, 115, MSPIFTCITI, -0.092
lcl|Query_10053, lcl|Query_10053" starting "MDIWLLCWVT, 115, MDIWLLCWVT, -0.335
lcl|Query_10054, lcl|Query_10054" starting "MDTRVLCCAV, 116, MDTRVLCCAV, -0.322
lcl|Query_10055, lcl|Query_10055" starting "MSNQVLCCVV, 114, MSNQVLCCVV, -0.282
lcl|Query_10056, lcl|Query_10056" starting "MLLLLLLLGP, 111, MLLLLLLLGP, 0.087
lcl|Query_10057, lcl|Query_10057" starting "MCLRLLCCVA, 110, MCLRLLCCVA, -0.146
lcl|Query_10058, lcl|Query_10058" starting "MGSWVLCYVT, 114, MGSWVLCYVT, -0.382
lcl|Query_10059, lcl|Query_10059" starting "MGTRLLGCAA, 116, MGTRLLGCAA, -0.366
lcl|Query_10060, lcl|Query_10060" starting "MASLLFFCGA, 115, MASLLFFCGA, -0.256
lcl|Query_10061, lcl|Query_10061" starting "MTIRLLCYMG, 114, MTIRLLCYMG, -0.321
lcl|Query_10062, lcl|Query_10062" starting "SWLFLPCMYF, 100, SWLFLPCMYF, 0.331
lcl|Query_10063, lcl|Query_10063" starting "MSNRLLCCVI, 114, MSNRLLCCVI, -0.048
lcl|Query_10064, lcl|Query_10064" starting "LLGHSSVCGL, 128, LLGHSSVCGL, -0.202
lcl|Query_10065, lcl|Query_10065" starting "MGPQLLGYVV, 115, MGPQLLGYVV, -0.314
lcl|Query_10066, lcl|Query_10066" starting "MGIRLLCRVA, 114, MGIRLLCRVA, -0.121
lcl|Query_10067, lcl|Query_10067" starting "MLSLLLLLLG, 111, MLSLLLLLLG, 0.176
lcl|Query_10068, lcl|Query_10068" starting "MNPLLILTFV, 247, MNPLLILTFV, -0.152
lcl|Query_10069, lcl|Query_10069" starting "MNLLLILTFV, 261, MNLLLILTFV, -0.096
lcl|Query_10070, lcl|Query_10070" starting "MNLLLILTFV, 247, MNLLLILTFV, -0.062
lcl|Query_10071, lcl|Query_10071" starting "NTEAFFGQGT, 15, NTEAFFGQGT, 0.113
lcl|Query_10072, lcl|Query_10072" starting "NYGYTFGSGT, 15, NYGYTFGSGT, 0.020
lcl|Query_10073, lcl|Query_10073" starting "LWKHHIFWRG, 16, LWKHHIFWRG, -0.150
lcl|Query_10074, lcl|Query_10074" starting "QLMKNCFLAV, 17, QLMKNCFLAV, 0.312
lcl|Query_10075, lcl|Query_10075" starting "SNQPQHFGDG, 16, SNQPQHFGDG, -0.719
lcl|Query_10076, lcl|Query_10076" starting "SYNSPLHFGN, 17, SYNSPLHFGN, -0.441
lcl|Query_10077, lcl|Query_10077" starting "DLNKVFPPEV, 176, DLNKVFPPEV, -0.147
lcl|Query_10078, lcl|Query_10078" starting "GTSGR, 5, GTSGR, -1.360
lcl|Query_10079, lcl|Query_10079" starting "SYNEQFFGPG, 16, SYNEQFFGPG, -0.219
lcl|Query_10080, lcl|Query_10080" starting "NTGELFFGEG, 16, NTGELFFGEG, 0.175
lcl|Query_10081, lcl|Query_10081" starting "MRGAAGRLGG, 15, MRGAAGRLGG, 0.927
lcl|Query_10082, lcl|Query_10082" starting "STDTQYFGPG, 16, STDTQYFGPG, -0.262
lcl|Query_10083, lcl|Query_10083" starting "SQKHSVLRRR, 17, SQKHSVLRRR, -0.976
lcl|Query_10084, lcl|Query_10084" starting "TKRPSTSGQA, 16, TKRPSTSGQA, -1.250
lcl|Query_10085, lcl|Query_10085" starting "LWGQRPDFRG, 18, LWGQRPDFRG, -1.611
lcl|Query_10086, lcl|Query_10086" starting "LLRAVLRAGH, 15, LLRAVLRAGH, -0.127
lcl|Query_10087, lcl|Query_10087" starting "DLKNVFPPEV, 179, DLKNVFPPEV, -0.206
lcl|Query_10088, lcl|Query_10088" starting "MLCSLLALLL, 112, MLCSLLALLL, 0.216
lcl|Query_10089, lcl|Query_10089" starting "MATEHPRTLE, 139, MATEHPRTLE, -0.037
